﻿<service>
	<!-- 该服务的唯一标识 -->
    <id>nginx</id>
    <!-- 该服务的名称 -->
    <name>Nginx Service</name>
    <!-- 该服务的描述 -->
    <description>High Performance Nginx Service</description>
    <!-- 要运行的程序路径 -->
    <executable>%BASE%\nginx.exe</executable>
    <startarguments>-p %BASE%</startarguments>
    <stopexecutable>%BASE%\nginx.exe</stopexecutable>
    <stoparguments>-p %BASE% -s stop</stoparguments>
    <!-- 第一次启动失败 60秒重启 -->
    <onfailure action="restart" delay="60 sec"/>
    <!-- 第二次启动失败 120秒后重启 -->
    <onfailure action="restart" delay="120 sec"/>
    <!-- 指定日志文件目录(相对于executable配置的路径) -->
    <logpath>logs</logpath>
	<!-- 日志模式 -->
    <log mode="roll-by-size">
		<!-- 一个日志文件大小10240k，单位是k-->
		<sizeThreshold>10240</sizeThreshold>
		<!-- 一共有8个日志文件，-->
		<keepFiles>8</keepFiles>
    </log>
</service>